{
  "code": {
    "uniform": {
      "n": 394,
      "m": 138,
      "n_targets": 135,
      "base_nll": 3.515524553166944,
      "cta_nll": 3.662223774615537,
      "base_ppl": 33.633567810058594,
      "cta_ppl": 38.94786071777344,
      "flops_base": 2861309952,
      "flops_cta": 351019008,
      "flops_ratio": 0.12267772939266665,
      "len_ratio": 0.350253807106599,
      "lossless_err": 5.960464477539063e-08
    },
    "norm": {
      "n": 394,
      "m": 138,
      "n_targets": 135,
      "base_nll": 3.515524553166944,
      "cta_nll": 3.7900826587445207,
      "base_ppl": 33.633567810058594,
      "cta_ppl": 44.26005935668945,
      "flops_base": 2861309952,
      "flops_cta": 351019008,
      "flops_ratio": 0.12267772939266665,
      "len_ratio": 0.350253807106599,
      "lossless_err": 5.960464477539063e-08
    },
    "posdecay": {
      "n": 394,
      "m": 138,
      "n_targets": 135,
      "base_nll": 3.515524553166944,
      "cta_nll": 4.103627102960039,
      "base_ppl": 33.633567810058594,
      "cta_ppl": 60.55955123901367,
      "flops_base": 2861309952,
      "flops_cta": 351019008,
      "flops_ratio": 0.12267772939266665,
      "len_ratio": 0.350253807106599,
      "lossless_err": 5.960464477539063e-08
    },
    "selfconsist": {
      "n": 394,
      "m": 138,
      "n_targets": 135,
      "base_nll": 3.515524553166944,
      "cta_nll": 3.985018991872116,
      "base_ppl": 33.633567810058594,
      "cta_ppl": 53.78630828857422,
      "flops_base": 2861309952,
      "flops_cta": 351019008,
      "flops_ratio": 0.12267772939266665,
      "len_ratio": 0.350253807106599,
      "lossless_err": 5.960464477539063e-08
    }
  },
  "logs": {
    "uniform": {
      "n": 232,
      "m": 40,
      "n_targets": 39,
      "base_nll": 1.27364315495092,
      "cta_nll": 5.509176780971197,
      "base_ppl": 3.5738489627838135,
      "cta_ppl": 246.94773864746094,
      "flops_base": 992083968,
      "flops_cta": 29491200,
      "flops_ratio": 0.029726516052318668,
      "len_ratio": 0.1724137931034483,
      "lossless_err": 5.960464477539063e-08
    },
    "norm": {
      "n": 232,
      "m": 40,
      "n_targets": 39,
      "base_nll": 1.27364315495092,
      "cta_nll": 4.870743579768504,
      "base_ppl": 3.5738489627838135,
      "cta_ppl": 130.41787719726562,
      "flops_base": 992083968,
      "flops_cta": 29491200,
      "flops_ratio": 0.029726516052318668,
      "len_ratio": 0.1724137931034483,
      "lossless_err": 5.960464477539063e-08
    },
    "posdecay": {
      "n": 232,
      "m": 40,
      "n_targets": 39,
      "base_nll": 1.27364315495092,
      "cta_nll": 6.87511910412174,
      "base_ppl": 3.5738489627838135,
      "cta_ppl": 967.8907470703125,
      "flops_base": 992083968,
      "flops_cta": 29491200,
      "flops_ratio": 0.029726516052318668,
      "len_ratio": 0.1724137931034483,
      "lossless_err": 5.960464477539063e-08
    },
    "selfconsist": {
      "n": 232,
      "m": 40,
      "n_targets": 39,
      "base_nll": 1.27364315495092,
      "cta_nll": 5.107301132992292,
      "base_ppl": 3.5738489627838135,
      "cta_ppl": 165.22384643554688,
      "flops_base": 992083968,
      "flops_cta": 29491200,
      "flops_ratio": 0.029726516052318668,
      "len_ratio": 0.1724137931034483,
      "lossless_err": 5.960464477539063e-08
    }
  },
  "chat": {
    "uniform": {
      "n": 131,
      "m": 27,
      "n_targets": 26,
      "base_nll": 1.293289675554171,
      "cta_nll": 6.38489922021444,
      "base_ppl": 3.64475679397583,
      "cta_ppl": 592.824951171875,
      "flops_base": 316311552,
      "flops_cta": 13436928,
      "flops_ratio": 0.042480041955596994,
      "len_ratio": 0.20610687022900764,
      "lossless_err": 5.960464477539063e-08
    },
    "norm": {
      "n": 131,
      "m": 27,
      "n_targets": 26,
      "base_nll": 1.293289675554171,
      "cta_nll": 6.468938381626056,
      "base_ppl": 3.64475679397583,
      "cta_ppl": 644.798828125,
      "flops_base": 316311552,
      "flops_cta": 13436928,
      "flops_ratio": 0.042480041955596994,
      "len_ratio": 0.20610687022900764,
      "lossless_err": 1.1920928955078125e-07
    },
    "posdecay": {
      "n": 131,
      "m": 27,
      "n_targets": 26,
      "base_nll": 1.293289675554171,
      "cta_nll": 6.633629374492627,
      "base_ppl": 3.64475679397583,
      "cta_ppl": 760.236328125,
      "flops_base": 316311552,
      "flops_cta": 13436928,
      "flops_ratio": 0.042480041955596994,
      "len_ratio": 0.20610687022900764,
      "lossless_err": 2.9802322387695312e-08
    },
    "selfconsist": {
      "n": 131,
      "m": 27,
      "n_targets": 26,
      "base_nll": 1.293289675554171,
      "cta_nll": 6.549818282158902,
      "base_ppl": 3.64475679397583,
      "cta_ppl": 699.1173095703125,
      "flops_base": 316311552,
      "flops_cta": 13436928,
      "flops_ratio": 0.042480041955596994,
      "len_ratio": 0.20610687022900764,
      "lossless_err": 2.9802322387695312e-08
    }
  },
  "prose": {
    "uniform": null,
    "norm": null,
    "posdecay": null,
    "selfconsist": null
  }
}